time_period,variable,exposure_definition,Fx_control,Fx_exposed,F1_control,F1_exposed,F2_control,F2_exposed,F3_control,F3_exposed,F4_control,F4_exposed
1,Prague region,diagnosed,6228 (21.08),1910 (26.26),831 (22.64),198 (25.10),250 (19.61),63 (23.25),1575 (20.72),450 (27.32),5296 (21.25),1548 (26.70)
1,Central-Bohemian region,diagnosed,4573 (15.48),1062 (14.60),536 (14.60),117 (14.83),176 (13.80),35 (12.92),1135 (14.93),240 (14.57),3867 (15.51),855 (14.75)
1,South-Bohemian region,diagnosed,1288 (4.36),292 (4.01),151 (4.11),22 (2.79),62 (4.86),19 (7.01),323 (4.25),64 (3.89),1099 (4.41),235 (4.05)
1,Plzen region,diagnosed,1544 (5.23),372 (5.11),195 (5.31),34 (4.31),87 (6.82),14 (5.17),453 (5.96),85 (5.16),1304 (5.23),302 (5.21)
1,Karlovy Vary region,diagnosed,728 (2.46),182 (2.50),89 (2.43),24 (3.04),28 (2.20),11 (4.06),206 (2.71),39 (2.37),648 (2.60),147 (2.54)
1,Usti region,diagnosed,1486 (5.03),365 (5.02),182 (4.96),38 (4.82),68 (5.33),14 (5.17),394 (5.18),96 (5.83),1250 (5.02),282 (4.86)
1,Liberec region,diagnosed,989 (3.35),205 (2.82),105 (2.86),16 (2.03),37 (2.90),5 (1.85),232 (3.05),35 (2.13),833 (3.34),177 (3.05)
1,Hradec Kralove region,diagnosed,1020 (3.45),217 (2.98),127 (3.46),28 (3.55),46 (3.61),6 (2.21),249 (3.28),53 (3.22),859 (3.45),169 (2.92)
1,Pardubice region,diagnosed,1231 (4.17),284 (3.90),133 (3.62),18 (2.28),60 (4.71),8 (2.95),313 (4.12),94 (5.71),1073 (4.30),215 (3.71)
1,Vysocina region,diagnosed,1287 (4.36),250 (3.44),150 (4.09),23 (2.92),56 (4.39),8 (2.95),330 (4.34),66 (4.01),1083 (4.35),188 (3.24)
1,South-Moravian region,diagnosed,2920 (9.88),621 (8.54),340 (9.26),58 (7.35),117 (9.18),27 (9.96),739 (9.72),161 (9.78),2463 (9.88),479 (8.26)
1,Olomouc region,diagnosed,1486 (5.03),412 (5.66),181 (4.93),43 (5.45),63 (4.94),18 (6.64),435 (5.72),84 (5.10),1225 (4.91),333 (5.74)
1,Zlin region,diagnosed,1518 (5.14),311 (4.28),173 (4.71),43 (5.45),65 (5.10),12 (4.43),407 (5.35),63 (3.83),1242 (4.98),244 (4.21)
1,Moravian-Silesian region,diagnosed,3224 (10.91),791 (10.87),473 (12.89),127 (16.10),158 (12.39),31 (11.44),807 (10.62),117 (7.10),2662 (10.68),623 (10.75)
1,living abroad,diagnosed,27 (0.09),0 (0.00),4 (0.11),0 (0.00),2 (0.16),0 (0.00),3 (0.04),0 (0.00),21 (0.08),0 (0.00)
1,antihypertensives,diagnosed,4436 (15.01),1516 (20.84),578 (15.75),146 (18.50),248 (19.45),44 (16.24),1329 (17.48),385 (23.38),3771 (15.13),1219 (21.03)
1,aspirin,diagnosed,1377 (4.66),422 (5.80),215 (5.86),42 (5.32),95 (7.45),21 (7.75),491 (6.46),119 (7.23),1051 (4.22),312 (5.38)
1,statins,diagnosed,2778 (9.40),788 (10.83),381 (10.38),69 (8.75),208 (16.31),33 (12.18),999 (13.14),230 (13.96),2184 (8.76),599 (10.33)
1,antithrombotic agents,diagnosed,5338 (18.06),1803 (24.79),706 (19.24),179 (22.69),307 (24.08),67 (24.72),1693 (22.27),480 (29.14),4468 (17.93),1401 (24.17)
1,non-steroidal anti-inflammatory medications,diagnosed,5738 (19.42),1898 (26.09),715 (19.48),175 (22.18),296 (23.22),56 (20.66),1829 (24.06),513 (31.15),4830 (19.38),1515 (26.13)
1,bisphosphonates,diagnosed,128 (0.43),52 (0.71),25 (0.68),2 (0.25),8 (0.63),0 (0.00),47 (0.62),18 (1.09),108 (0.43),39 (0.67)
1,oral contraceptives,diagnosed,1 (0.00),0 (0.00),0 (0.00),0 (0.00),0 (0.00),0 (0.00),0 (0.00),0 (0.00),0 (0.00),0 (0.00)
1,hormone replacement therapy,diagnosed,1023 (3.46),322 (4.43),81 (2.21),13 (1.65),35 (2.75),7 (2.58),297 (3.91),82 (4.98),921 (3.70),270 (4.66)
1,anticonvulsants,diagnosed,822 (2.78),746 (10.26),143 (3.90),78 (9.89),65 (5.10),94 (34.69),347 (4.57),281 (17.06),751 (3.01),548 (9.45)
1,cytostatic chemotherapy,diagnosed,114 (0.39),38 (0.52),23 (0.63),4 (0.51),8 (0.63),1 (0.37),49 (0.64),8 (0.49),94 (0.38),31 (0.53)
1,radiotherapy,diagnosed,8 (0.03),3 (0.04),2 (0.05),1 (0.13),2 (0.16),0 (0.00),2 (0.03),0 (0.00),7 (0.03),2 (0.03)
1,immunosuppressant medication,diagnosed,352 (1.19),104 (1.43),53 (1.44),3 (0.38),20 (1.57),2 (0.74),135 (1.78),29 (1.76),301 (1.21),85 (1.47)
1,long-acting beta-agonist,diagnosed,104 (0.35),34 (0.47),21 (0.57),6 (0.76),9 (0.71),0 (0.00),39 (0.51),10 (0.61),92 (0.37),26 (0.45)
1,leukotriene receptor antagonists,diagnosed,296 (1.00),83 (1.14),39 (1.06),7 (0.89),18 (1.41),1 (0.37),89 (1.17),17 (1.03),250 (1.00),71 (1.22)
1,inhaled glucocorticoids,diagnosed,487 (1.65),132 (1.81),70 (1.91),11 (1.39),25 (1.96),8 (2.95),134 (1.76),41 (2.49),426 (1.71),105 (1.81)
1,number_inpatient,diagnosed,0.78 (1.75),1.20 (2.26),0.92 (2.15),1.77 (2.99),1.17 (2.22),1.92 (3.06),0.98 (1.95),1.53 (2.66),0.78 (1.74),1.22 (2.33)
1,number_outpatient,diagnosed,79.73 (103.42),108.51 (128.98),81.55 (104.31),105.47 (157.56),105.89 (157.91),140.20 (217.46),97.11 (122.78),131.95 (146.93),81.23 (105.26),110.03 (122.87)
2,Prague region,diagnosed,28882 (8.95),8657 (11.89),3774 (9.26),1060 (12.99),2037 (9.48),369 (8.58),8022 (9.23),2444 (14.05),24318 (9.14),6715 (12.04)
2,Central-Bohemian region,diagnosed,40650 (12.59),9602 (13.19),5014 (12.31),938 (11.50),2663 (12.40),672 (15.63),11012 (12.67),2308 (13.27),33945 (12.76),7371 (13.22)
2,South-Bohemian region,diagnosed,20490 (6.35),4307 (5.91),2505 (6.15),365 (4.47),1292 (6.01),241 (5.60),5490 (6.32),1050 (6.04),16828 (6.32),3388 (6.08)
2,Plzen region,diagnosed,17115 (5.30),4034 (5.54),2294 (5.63),367 (4.50),1166 (5.43),244 (5.67),4731 (5.44),984 (5.66),14253 (5.36),3173 (5.69)
2,Karlovy Vary region,diagnosed,6240 (1.93),1658 (2.28),844 (2.07),180 (2.21),435 (2.03),130 (3.02),1826 (2.10),327 (1.88),5076 (1.91),1320 (2.37)
2,Usti region,diagnosed,23580 (7.30),5477 (7.52),3008 (7.38),642 (7.87),1610 (7.50),345 (8.02),6267 (7.21),1355 (7.79),19452 (7.31),4143 (7.43)
2,Liberec region,diagnosed,14653 (4.54),3305 (4.54),1828 (4.49),309 (3.79),954 (4.44),149 (3.47),3805 (4.38),778 (4.47),12040 (4.52),2630 (4.72)
2,Hradec Kralove region,diagnosed,18951 (5.87),4058 (5.57),2252 (5.53),392 (4.80),1236 (5.75),212 (4.93),5072 (5.83),816 (4.69),15346 (5.77),3246 (5.82)
2,Pardubice region,diagnosed,16992 (5.26),3655 (5.02),2100 (5.15),370 (4.53),1155 (5.38),186 (4.33),4585 (5.27),1069 (6.15),13921 (5.23),2709 (4.86)
2,Vysocina region,diagnosed,19013 (5.89),4096 (5.63),2371 (5.82),426 (5.22),1222 (5.69),302 (7.02),4949 (5.69),1276 (7.34),15603 (5.86),2856 (5.12)
2,South-Moravian region,diagnosed,32483 (10.06),6465 (8.88),4149 (10.18),696 (8.53),2254 (10.49),387 (9.00),8555 (9.84),1654 (9.51),26684 (10.03),4796 (8.60)
2,Olomouc region,diagnosed,20677 (6.40),4860 (6.67),2658 (6.52),541 (6.63),1383 (6.44),265 (6.16),5595 (6.44),1073 (6.17),17095 (6.42),3762 (6.75)
2,Zlin region,diagnosed,23410 (7.25),4770 (6.55),2803 (6.88),720 (8.82),1497 (6.97),308 (7.16),6392 (7.35),792 (4.55),18978 (7.13),3650 (6.55)
2,Moravian-Silesian region,diagnosed,39695 (12.29),7867 (10.80),5135 (12.60),1153 (14.13),2575 (11.99),490 (11.40),10616 (12.21),1470 (8.45),32507 (12.22),5996 (10.75)
2,living abroad,diagnosed,53 (0.02),4 (0.01),7 (0.02),1 (0.01),1 (0.00),0 (0.00),15 (0.02),0 (0.00),43 (0.02),3 (0.01)
2,antihypertensives,diagnosed,58932 (18.25),16828 (23.11),8083 (19.84),1757 (21.53),4854 (22.60),767 (17.84),18877 (21.71),4427 (25.45),48805 (18.34),13012 (23.34)
2,aspirin,diagnosed,25862 (8.01),6173 (8.48),3969 (9.74),791 (9.69),2828 (13.17),510 (11.86),9035 (10.39),1787 (10.27),19614 (7.37),4105 (7.36)
2,statins,diagnosed,49249 (15.25),10798 (14.83),7391 (18.14),1037 (12.71),4938 (22.99),600 (13.95),16611 (19.11),3223 (18.53),37672 (14.16),7765 (13.93)
2,antithrombotic agents,diagnosed,78562 (24.33),21328 (29.29),11003 (27.01),2459 (30.13),7278 (33.88),1235 (28.72),26102 (30.03),5830 (33.51),63411 (23.83),15714 (28.18)
2,non-steroidal anti-inflammatory medications,diagnosed,75592 (23.41),20842 (28.62),9592 (23.54),1968 (24.12),5821 (27.10),718 (16.70),23635 (27.19),5522 (31.74),62570 (23.51),16582 (29.74)
2,bisphosphonates,diagnosed,2178 (0.67),548 (0.75),228 (0.56),33 (0.40),232 (1.08),20 (0.47),836 (0.96),165 (0.95),1776 (0.67),430 (0.77)
2,oral contraceptives,diagnosed,6 (0.00),1 (0.00),0 (0.00),1 (0.01),0 (0.00),0 (0.00),1 (0.00),0 (0.00),5 (0.00),0 (0.00)
2,hormone replacement therapy,diagnosed,10765 (3.33),3027 (4.16),817 (2.01),163 (2.00),510 (2.37),57 (1.33),3161 (3.64),807 (4.64),9753 (3.67),2561 (4.59)
2,anticonvulsants,diagnosed,14892 (4.61),10522 (14.45),2681 (6.58),1323 (16.21),1689 (7.86),1448 (33.67),6150 (7.07),3671 (21.10),13471 (5.06),7407 (13.28)
2,cytostatic chemotherapy,diagnosed,1983 (0.61),464 (0.64),351 (0.86),37 (0.45),217 (1.01),15 (0.35),729 (0.84),127 (0.73),1547 (0.58),351 (0.63)
2,radiotherapy,diagnosed,113 (0.03),28 (0.04),16 (0.04),0 (0.00),6 (0.03),1 (0.02),30 (0.03),8 (0.05),94 (0.04),23 (0.04)
2,immunosuppressant medication,diagnosed,5263 (1.63),1324 (1.82),853 (2.09),105 (1.29),466 (2.17),44 (1.02),1862 (2.14),373 (2.14),4535 (1.70),1031 (1.85)
2,long-acting beta-agonist,diagnosed,1921 (0.59),538 (0.74),320 (0.79),59 (0.72),202 (0.94),28 (0.65),674 (0.78),156 (0.90),1516 (0.57),387 (0.69)
2,leukotriene receptor antagonists,diagnosed,3237 (1.00),951 (1.31),414 (1.02),51 (0.62),248 (1.15),20 (0.47),1023 (1.18),241 (1.39),2894 (1.09),801 (1.44)
2,inhaled glucocorticoids,diagnosed,6591 (2.04),1776 (2.44),913 (2.24),117 (1.43),549 (2.56),53 (1.23),2050 (2.36),421 (2.42),5612 (2.11),1470 (2.64)
2,number_inpatient,diagnosed,1.08 (2.07),1.56 (2.77),1.28 (2.49),2.47 (4.09),1.61 (2.79),2.28 (4.18),1.40 (2.50),1.94 (3.32),1.09 (2.09),1.53 (2.79)
2,number_outpatient,diagnosed,103.36 (154.47),132.87 (180.53),109.85 (167.46),135.65 (214.80),133.69 (195.39),209.18 (349.00),127.95 (184.42),154.62 (192.61),106.94 (161.93),127.82 (149.58)
3,Prague region,diagnosed,45717 (10.30),13180 (13.27),6882 (10.82),1838 (14.40),2876 (10.71),701 (12.97),11947 (10.48),3510 (15.33),38155 (10.53),10149 (13.27)
3,Central-Bohemian region,diagnosed,64603 (14.56),14587 (14.69),9421 (14.81),1777 (13.92),3925 (14.61),725 (13.41),16407 (14.40),3410 (14.89),53111 (14.66),11438 (14.96)
3,South-Bohemian region,diagnosed,25435 (5.73),5339 (5.38),3547 (5.58),540 (4.23),1550 (5.77),307 (5.68),6594 (5.79),1301 (5.68),20778 (5.73),4161 (5.44)
3,Plzen region,diagnosed,29132 (6.57),6646 (6.69),4268 (6.71),786 (6.16),1785 (6.65),329 (6.09),7290 (6.40),1570 (6.86),23563 (6.50),5236 (6.85)
3,Karlovy Vary region,diagnosed,15429 (3.48),3790 (3.82),2307 (3.63),542 (4.24),956 (3.56),216 (4.00),4122 (3.62),629 (2.75),12444 (3.43),3055 (4.00)
3,Usti region,diagnosed,33598 (7.57),8019 (8.07),4954 (7.79),1110 (8.69),2047 (7.62),495 (9.16),8798 (7.72),1973 (8.62),27493 (7.59),6032 (7.89)
3,Liberec region,diagnosed,23026 (5.19),5391 (5.43),3271 (5.14),688 (5.39),1308 (4.87),253 (4.68),5895 (5.17),1096 (4.79),18622 (5.14),4269 (5.58)
3,Hradec Kralove region,diagnosed,33252 (7.49),6719 (6.77),4660 (7.32),730 (5.72),2030 (7.56),348 (6.44),8503 (7.46),1229 (5.37),27043 (7.46),5340 (6.98)
3,Pardubice region,diagnosed,26696 (6.02),5731 (5.77),3723 (5.85),634 (4.97),1560 (5.81),278 (5.14),6557 (5.75),1635 (7.14),21635 (5.97),4282 (5.60)
3,Vysocina region,diagnosed,18354 (4.14),3811 (3.84),2640 (4.15),423 (3.31),1108 (4.13),226 (4.18),4588 (4.03),1124 (4.91),14854 (4.10),2701 (3.53)
3,South-Moravian region,diagnosed,41449 (9.34),8110 (8.17),5941 (9.34),1006 (7.88),2511 (9.35),538 (9.95),10589 (9.29),1855 (8.10),33879 (9.35),6082 (7.95)
3,Olomouc region,diagnosed,22894 (5.16),5368 (5.41),3254 (5.11),707 (5.54),1443 (5.37),248 (4.59),5977 (5.24),1154 (5.04),18572 (5.13),4181 (5.47)
3,Zlin region,diagnosed,18904 (4.26),3671 (3.70),2516 (3.95),557 (4.36),1097 (4.08),201 (3.72),4820 (4.23),710 (3.10),15326 (4.23),2797 (3.66)
3,Moravian-Silesian region,diagnosed,45173 (10.18),8943 (9.01),6233 (9.80),1429 (11.19),2661 (9.91),540 (9.99),11867 (10.41),1704 (7.44),36853 (10.17),6738 (8.81)
3,living abroad,diagnosed,66 (0.01),2 (0.00),6 (0.01),1 (0.01),2 (0.01),0 (0.00),13 (0.01),0 (0.00),52 (0.01),1 (0.00)
3,antihypertensives,diagnosed,69733 (15.72),20356 (20.50),10456 (16.43),2372 (18.58),4877 (18.16),862 (15.95),21800 (19.13),5196 (22.69),57843 (15.96),15953 (20.86)
3,aspirin,diagnosed,30484 (6.87),7031 (7.08),4506 (7.08),849 (6.65),2408 (8.97),465 (8.60),10007 (8.78),1996 (8.72),23207 (6.40),4909 (6.42)
3,statins,diagnosed,64744 (14.59),14486 (14.59),9280 (14.59),1480 (11.59),4892 (18.21),815 (15.08),21019 (18.44),4229 (18.47),50025 (13.80),10436 (13.65)
3,antithrombotic agents,diagnosed,94920 (21.39),26087 (26.27),13542 (21.28),3116 (24.40),6841 (25.47),1299 (24.03),30203 (26.50),6923 (30.23),76655 (21.15),19782 (25.87)
3,non-steroidal anti-inflammatory medications,diagnosed,98270 (22.15),28142 (28.34),13523 (21.25),3012 (23.59),6648 (24.75),999 (18.48),30259 (26.55),7264 (31.72),81534 (22.50),22329 (29.20)
3,bisphosphonates,diagnosed,2825 (0.64),747 (0.75),268 (0.42),44 (0.34),226 (0.84),23 (0.43),1027 (0.90),235 (1.03),2364 (0.65),577 (0.75)
3,oral contraceptives,diagnosed,9 (0.00),1 (0.00),0 (0.00),0 (0.00),0 (0.00),0 (0.00),4 (0.00),0 (0.00),10 (0.00),1 (0.00)
3,hormone replacement therapy,diagnosed,13991 (3.15),4029 (4.06),1218 (1.91),231 (1.81),691 (2.57),113 (2.09),4211 (3.69),1008 (4.40),12752 (3.52),3469 (4.54)
3,anticonvulsants,diagnosed,16931 (3.82),13556 (13.65),3131 (4.92),1855 (14.53),1579 (5.88),1774 (32.82),6792 (5.96),4828 (21.08),15538 (4.29),9825 (12.85)
3,cytostatic chemotherapy,diagnosed,2745 (0.62),593 (0.60),540 (0.85),53 (0.42),236 (0.88),17 (0.31),1002 (0.88),147 (0.64),2197 (0.61),469 (0.61)
3,radiotherapy,diagnosed,112 (0.03),22 (0.02),22 (0.03),2 (0.02),7 (0.03),0 (0.00),53 (0.05),6 (0.03),108 (0.03),19 (0.02)
3,immunosuppressant medication,diagnosed,7139 (1.61),1824 (1.84),1205 (1.89),163 (1.28),529 (1.97),54 (1.00),2375 (2.08),506 (2.21),5935 (1.64),1409 (1.84)
3,long-acting beta-agonist,diagnosed,2417 (0.54),718 (0.72),392 (0.62),103 (0.81),221 (0.82),44 (0.81),851 (0.75),208 (0.91),1963 (0.54),506 (0.66)
3,leukotriene receptor antagonists,diagnosed,3934 (0.89),1198 (1.21),607 (0.95),72 (0.56),267 (0.99),30 (0.56),1207 (1.06),313 (1.37),3573 (0.99),1004 (1.31)
3,inhaled glucocorticoids,diagnosed,8407 (1.89),2322 (2.34),1255 (1.97),193 (1.51),575 (2.14),83 (1.54),2644 (2.32),610 (2.66),7243 (2.00),1864 (2.44)
3,number_inpatient,diagnosed,0.88 (1.71),1.28 (2.28),0.94 (1.90),1.87 (3.24),1.10 (2.13),1.96 (3.61),1.11 (2.05),1.66 (2.91),0.90 (1.75),1.33 (2.42)
3,number_outpatient,diagnosed,84.63 (100.68),108.93 (120.57),83.68 (106.37),96.73 (124.75),96.15 (120.17),131.31 (231.62),102.80 (122.11),130.30 (137.28),87.80 (105.90),111.14 (104.86)
4,Prague region,diagnosed,10946 (11.48),3285 (14.51),1595 (11.02),421 (13.96),620 (11.62),150 (13.54),2772 (11.51),858 (16.89),9208 (11.76),2609 (14.79)
4,Central-Bohemian region,diagnosed,10905 (11.44),2581 (11.40),1653 (11.42),306 (10.15),558 (10.46),93 (8.39),2704 (11.22),603 (11.87),8984 (11.47),2080 (11.79)
4,South-Bohemian region,diagnosed,7501 (7.87),1763 (7.79),1128 (7.79),177 (5.87),415 (7.78),80 (7.22),1855 (7.70),409 (8.05),6083 (7.77),1381 (7.83)
4,Plzen region,diagnosed,4376 (4.59),1064 (4.70),642 (4.43),122 (4.05),258 (4.84),37 (3.34),1013 (4.20),228 (4.49),3557 (4.54),855 (4.85)
4,Karlovy Vary region,diagnosed,1012 (1.06),284 (1.25),154 (1.06),34 (1.13),57 (1.07),13 (1.17),238 (0.99),54 (1.06),831 (1.06),236 (1.34)
4,Usti region,diagnosed,7135 (7.48),1750 (7.73),1144 (7.90),257 (8.52),413 (7.74),104 (9.39),1863 (7.73),393 (7.74),5801 (7.41),1330 (7.54)
4,Liberec region,diagnosed,3118 (3.27),764 (3.37),510 (3.52),115 (3.81),178 (3.34),34 (3.07),770 (3.20),161 (3.17),2576 (3.29),604 (3.42)
4,Hradec Kralove region,diagnosed,2008 (2.11),482 (2.13),301 (2.08),51 (1.69),114 (2.14),16 (1.44),539 (2.24),84 (1.65),1718 (2.19),406 (2.30)
4,Pardubice region,diagnosed,4237 (4.44),952 (4.21),674 (4.65),106 (3.51),257 (4.82),41 (3.70),1061 (4.40),277 (5.45),3414 (4.36),717 (4.06)
4,Vysocina region,diagnosed,4950 (5.19),1091 (4.82),797 (5.50),125 (4.14),307 (5.76),82 (7.40),1285 (5.33),299 (5.89),4052 (5.17),802 (4.55)
4,South-Moravian region,diagnosed,11518 (12.08),2418 (10.68),1709 (11.80),305 (10.11),625 (11.72),136 (12.27),2872 (11.92),554 (10.91),9449 (12.07),1843 (10.45)
4,Olomouc region,diagnosed,6860 (7.19),1694 (7.48),1028 (7.10),233 (7.73),376 (7.05),70 (6.32),1685 (6.99),349 (6.87),5581 (7.13),1342 (7.61)
4,Zlin region,diagnosed,6686 (7.01),1425 (6.29),1019 (7.04),272 (9.02),374 (7.01),69 (6.23),1739 (7.22),249 (4.90),5444 (6.95),1061 (6.01)
4,Moravian-Silesian region,diagnosed,14084 (14.77),3085 (13.63),2120 (14.64),492 (16.31),781 (14.64),183 (16.52),3692 (15.32),561 (11.05),11604 (14.82),2377 (13.47)
4,living abroad,diagnosed,21 (0.02),0 (0.00),6 (0.04),0 (0.00),1 (0.02),0 (0.00),4 (0.02),0 (0.00),15 (0.02),0 (0.00)
4,antihypertensives,diagnosed,13061 (13.70),4581 (20.24),2116 (14.61),569 (18.87),881 (16.52),197 (17.78),4128 (17.13),1117 (21.99),10971 (14.01),3663 (20.76)
4,aspirin,diagnosed,4952 (5.19),1347 (5.95),815 (5.63),185 (6.13),374 (7.01),86 (7.76),1750 (7.26),354 (6.97),3846 (4.91),956 (5.42)
4,statins,diagnosed,10549 (11.06),2642 (11.67),1662 (11.48),270 (8.95),774 (14.51),140 (12.64),3646 (15.13),791 (15.57),8160 (10.42),1890 (10.71)
4,antithrombotic agents,diagnosed,17175 (18.01),5569 (24.60),2744 (18.95),724 (24.01),1238 (23.21),264 (23.83),5673 (23.55),1454 (28.63),14073 (17.97),4276 (24.24)
4,non-steroidal anti-inflammatory medications,diagnosed,18767 (19.68),6043 (26.69),2863 (19.77),699 (23.18),1242 (23.28),215 (19.40),5953 (24.71),1596 (31.42),15638 (19.97),4827 (27.36)
4,bisphosphonates,diagnosed,478 (0.50),146 (0.64),55 (0.38),7 (0.23),40 (0.75),8 (0.72),188 (0.78),36 (0.71),416 (0.53),111 (0.63)
4,oral contraceptives,diagnosed,1 (0.00),0 (0.00),0 (0.00),0 (0.00),0 (0.00),0 (0.00),0 (0.00),0 (0.00),0 (0.00),0 (0.00)
4,hormone replacement therapy,diagnosed,2959 (3.10),932 (4.12),288 (1.99),52 (1.72),131 (2.46),18 (1.62),855 (3.55),214 (4.21),2683 (3.43),829 (4.70)
4,anticonvulsants,diagnosed,3012 (3.16),2880 (12.72),643 (4.44),413 (13.69),288 (5.40),370 (33.39),1239 (5.14),1027 (20.22),2807 (3.58),2151 (12.19)
4,cytostatic chemotherapy,diagnosed,468 (0.49),145 (0.64),80 (0.55),18 (0.60),43 (0.81),9 (0.81),188 (0.78),37 (0.73),377 (0.48),111 (0.63)
4,radiotherapy,diagnosed,22 (0.02),5 (0.02),3 (0.02),1 (0.03),2 (0.04),0 (0.00),11 (0.05),2 (0.04),17 (0.02),5 (0.03)
4,immunosuppressant medication,diagnosed,1332 (1.40),375 (1.66),198 (1.37),45 (1.49),94 (1.76),18 (1.62),478 (1.98),118 (2.32),1148 (1.47),286 (1.62)
4,long-acting beta-agonist,diagnosed,441 (0.46),162 (0.72),91 (0.63),28 (0.93),21 (0.39),6 (0.54),157 (0.65),39 (0.77),339 (0.43),116 (0.66)
4,leukotriene receptor antagonists,diagnosed,835 (0.88),266 (1.18),118 (0.81),20 (0.66),59 (1.11),7 (0.63),241 (1.00),68 (1.34),738 (0.94),232 (1.31)
4,inhaled glucocorticoids,diagnosed,1624 (1.70),507 (2.24),227 (1.57),52 (1.72),115 (2.16),20 (1.81),538 (2.23),110 (2.17),1386 (1.77),418 (2.37)
4,number_inpatient,diagnosed,0.76 (1.54),1.17 (2.12),0.82 (1.72),1.76 (2.90),0.98 (1.86),1.81 (3.14),0.99 (1.94),1.54 (2.62),0.78 (1.56),1.21 (2.19)
4,number_outpatient,diagnosed,75.20 (70.75),99.05 (83.96),75.28 (74.17),88.04 (92.51),84.14 (82.05),98.02 (121.29),90.51 (83.91),118.15 (95.61),77.33 (70.13),103.63 (79.96)
5,Prague region,diagnosed,108684 (13.06),30042 (16.04),13938 (12.63),3493 (15.73),4785 (12.61),1081 (14.18),26684 (13.47),7477 (18.76),92712 (13.17),24242 (16.14)
5,Central-Bohemian region,diagnosed,109564 (13.17),25026 (13.36),14165 (12.84),2665 (12.00),5004 (13.18),846 (11.09),25946 (13.10),5486 (13.76),93209 (13.24),20477 (13.63)
5,South-Bohemian region,diagnosed,46871 (5.63),10099 (5.39),6243 (5.66),1045 (4.71),2143 (5.65),470 (6.16),11043 (5.58),2198 (5.51),39684 (5.64),8116 (5.40)
5,Plzen region,diagnosed,43307 (5.20),10701 (5.71),5824 (5.28),1116 (5.03),2010 (5.30),414 (5.43),10290 (5.20),2271 (5.70),36300 (5.16),8810 (5.87)
5,Karlovy Vary region,diagnosed,14554 (1.75),3787 (2.02),1969 (1.78),408 (1.84),653 (1.72),165 (2.16),3609 (1.82),644 (1.62),12332 (1.75),3209 (2.14)
5,Usti region,diagnosed,57405 (6.90),13193 (7.04),7680 (6.96),1725 (7.77),2601 (6.85),575 (7.54),13829 (6.98),2974 (7.46),48915 (6.95),10343 (6.89)
5,Liberec region,diagnosed,31523 (3.79),7176 (3.83),4288 (3.89),765 (3.45),1439 (3.79),215 (2.82),7409 (3.74),1365 (3.42),26632 (3.78),5969 (3.97)
5,Hradec Kralove region,diagnosed,40536 (4.87),8211 (4.38),5288 (4.79),878 (3.95),1838 (4.84),270 (3.54),9633 (4.86),1452 (3.64),34281 (4.87),6778 (4.51)
5,Pardubice region,diagnosed,40354 (4.85),8637 (4.61),5399 (4.89),919 (4.14),1835 (4.83),322 (4.22),9349 (4.72),2152 (5.40),33894 (4.82),6804 (4.53)
5,Vysocina region,diagnosed,36902 (4.43),7451 (3.98),4889 (4.43),784 (3.53),1684 (4.44),386 (5.06),8374 (4.23),1903 (4.77),31068 (4.41),5673 (3.78)
5,South-Moravian region,diagnosed,102256 (12.29),20140 (10.75),13383 (12.13),2201 (9.91),4710 (12.41),892 (11.70),24081 (12.16),4417 (11.08),86239 (12.25),15914 (10.59)
5,Olomouc region,diagnosed,52576 (6.32),12519 (6.68),7214 (6.54),1492 (6.72),2425 (6.39),484 (6.35),12545 (6.33),2371 (5.95),44160 (6.27),10183 (6.78)
5,Zlin region,diagnosed,50104 (6.02),10315 (5.51),6720 (6.09),1600 (7.21),2286 (6.02),508 (6.66),11853 (5.98),1564 (3.92),41924 (5.96),8152 (5.43)
5,Moravian-Silesian region,diagnosed,97553 (11.72),20023 (10.69),13322 (12.07),3114 (14.02),4542 (11.97),998 (13.09),23393 (11.81),3586 (9.00),82491 (11.72),15540 (10.35)
5,living abroad,diagnosed,46 (0.01),1 (0.00),12 (0.01),0 (0.00),3 (0.01),0 (0.00),9 (0.00),0 (0.00),27 (0.00),1 (0.00)
5,antihypertensives,diagnosed,114780 (13.79),36218 (19.33),16372 (14.84),4105 (18.49),6292 (16.58),1235 (16.19),34037 (17.19),8570 (21.50),99618 (14.15),29300 (19.51)
5,aspirin,diagnosed,36435 (4.38),9250 (4.94),5461 (4.95),1095 (4.93),2465 (6.49),479 (6.28),12078 (6.10),2483 (6.23),29063 (4.13),6817 (4.54)
5,statins,diagnosed,77571 (9.32),18802 (10.04),11237 (10.18),1871 (8.43),5100 (13.44),871 (11.42),25791 (13.02),5324 (13.36),62360 (8.86),14082 (9.37)
5,antithrombotic agents,diagnosed,137484 (16.52),41453 (22.13),19391 (17.57),4864 (21.90),8001 (21.08),1671 (21.91),42674 (21.55),10213 (25.62),116491 (16.55),32755 (21.81)
5,non-steroidal anti-inflammatory medications,diagnosed,156488 (18.80),47647 (25.44),21449 (19.44),5153 (23.21),8512 (22.42),1354 (17.76),46889 (23.68),11875 (29.79),134281 (19.08),38548 (25.66)
5,bisphosphonates,diagnosed,3489 (0.42),1024 (0.55),348 (0.32),51 (0.23),233 (0.61),32 (0.42),1350 (0.68),289 (0.73),3034 (0.43),804 (0.54)
5,oral contraceptives,diagnosed,5 (0.00),1 (0.00),1 (0.00),0 (0.00),0 (0.00),0 (0.00),1 (0.00),0 (0.00),4 (0.00),1 (0.00)
5,hormone replacement therapy,diagnosed,28623 (3.44),8259 (4.41),2717 (2.46),530 (2.39),1113 (2.93),212 (2.78),8263 (4.17),1943 (4.87),26385 (3.75),7134 (4.75)
5,anticonvulsants,diagnosed,22424 (2.69),21756 (11.61),4388 (3.98),2859 (12.88),1851 (4.88),2346 (30.76),9485 (4.79),7644 (19.18),21724 (3.09),16581 (11.04)
5,cytostatic chemotherapy,diagnosed,3803 (0.46),932 (0.50),681 (0.62),80 (0.36),282 (0.74),33 (0.43),1442 (0.73),234 (0.59),3271 (0.46),744 (0.50)
5,radiotherapy,diagnosed,209 (0.03),35 (0.02),36 (0.03),2 (0.01),11 (0.03),2 (0.03),78 (0.04),7 (0.02),196 (0.03),30 (0.02)
5,immunosuppressant medication,diagnosed,11149 (1.34),3126 (1.67),1703 (1.54),246 (1.11),669 (1.76),89 (1.17),3656 (1.85),829 (2.08),9716 (1.38),2518 (1.68)
5,long-acting beta-agonist,diagnosed,3014 (0.36),944 (0.50),517 (0.47),143 (0.64),220 (0.58),47 (0.62),1049 (0.53),247 (0.62),2624 (0.37),701 (0.47)
5,leukotriene receptor antagonists,diagnosed,7651 (0.92),2265 (1.21),1029 (0.93),152 (0.68),387 (1.02),52 (0.68),1983 (1.00),520 (1.30),6927 (0.98),1935 (1.29)
5,inhaled glucocorticoids,diagnosed,13393 (1.61),4083 (2.18),1873 (1.70),339 (1.53),698 (1.84),110 (1.44),4060 (2.05),925 (2.32),11949 (1.70),3427 (2.28)
5,number_inpatient,diagnosed,0.67 (1.36),1.00 (1.88),0.73 (1.57),1.54 (2.71),0.84 (1.72),1.67 (3.06),0.85 (1.66),1.26 (2.29),0.69 (1.40),1.05 (1.96)
5,number_outpatient,diagnosed,77.43 (71.68),99.85 (88.36),78.51 (77.96),91.86 (99.47),87.66 (86.26),111.18 (166.53),93.23 (87.97),118.42 (99.87),79.94 (74.76),103.09 (80.74)
1,Prague region,diagnosed and treated,4015 (21.31),1274 (24.88),443 (23.69),105 (24.19),247 (22.85),57 (23.08),1327 (21.22),392 (26.67),3347 (20.97),1039 (25.18)
1,Central-Bohemian region,diagnosed and treated,2941 (15.61),731 (14.27),264 (14.12),55 (12.67),148 (13.69),31 (12.55),986 (15.77),209 (14.22),2490 (15.60),609 (14.76)
1,South-Bohemian region,diagnosed and treated,794 (4.21),210 (4.10),66 (3.53),15 (3.46),50 (4.63),18 (7.29),244 (3.90),60 (4.08),666 (4.17),168 (4.07)
1,Plzen region,diagnosed and treated,1037 (5.50),274 (5.35),114 (6.10),22 (5.07),69 (6.38),13 (5.26),366 (5.85),76 (5.17),873 (5.47),225 (5.45)
1,Karlovy Vary region,diagnosed and treated,464 (2.46),124 (2.42),41 (2.19),14 (3.23),29 (2.68),9 (3.64),163 (2.61),32 (2.18),383 (2.40),101 (2.45)
1,Usti region,diagnosed and treated,884 (4.69),277 (5.41),85 (4.55),25 (5.76),54 (5.00),13 (5.26),313 (5.00),86 (5.85),767 (4.80),210 (5.09)
1,Liberec region,diagnosed and treated,647 (3.43),139 (2.71),51 (2.73),8 (1.84),28 (2.59),5 (2.02),181 (2.89),32 (2.18),548 (3.43),122 (2.96)
1,Hradec Kralove region,diagnosed and treated,617 (3.27),153 (2.99),59 (3.16),17 (3.92),43 (3.98),6 (2.43),222 (3.55),47 (3.20),521 (3.26),122 (2.96)
1,Pardubice region,diagnosed and treated,809 (4.29),206 (4.02),69 (3.69),4 (0.92),50 (4.63),6 (2.43),260 (4.16),90 (6.12),720 (4.51),156 (3.78)
1,Vysocina region,diagnosed and treated,855 (4.54),188 (3.67),87 (4.65),13 (3.00),38 (3.52),7 (2.83),271 (4.33),56 (3.81),721 (4.52),145 (3.51)
1,South-Moravian region,diagnosed and treated,1884 (10.00),456 (8.90),178 (9.52),34 (7.83),93 (8.60),25 (10.12),630 (10.07),147 (10.00),1636 (10.25),358 (8.67)
1,Olomouc region,diagnosed and treated,951 (5.05),295 (5.76),87 (4.65),23 (5.30),50 (4.63),16 (6.48),308 (4.92),75 (5.10),815 (5.11),239 (5.79)
1,Zlin region,diagnosed and treated,958 (5.08),231 (4.51),103 (5.51),24 (5.53),63 (5.83),12 (4.86),339 (5.42),59 (4.01),848 (5.31),184 (4.46)
1,Moravian-Silesian region,diagnosed and treated,1970 (10.46),563 (10.99),222 (11.87),75 (17.28),116 (10.73),29 (11.74),641 (10.25),109 (7.41),1612 (10.10),449 (10.88)
1,living abroad,diagnosed and treated,16 (0.08),0 (0.00),1 (0.05),0 (0.00),3 (0.28),0 (0.00),3 (0.05),0 (0.00),16 (0.10),0 (0.00)
1,antihypertensives,diagnosed and treated,2370 (12.58),1158 (22.61),252 (13.48),99 (22.81),149 (13.78),42 (17.00),863 (13.80),355 (24.15),2028 (12.70),940 (22.78)
1,aspirin,diagnosed and treated,668 (3.55),316 (6.17),92 (4.92),26 (5.99),60 (5.55),16 (6.48),303 (4.84),111 (7.55),537 (3.36),245 (5.94)
1,statins,diagnosed and treated,1566 (8.31),621 (12.13),192 (10.27),46 (10.60),136 (12.58),30 (12.15),701 (11.21),210 (14.29),1300 (8.14),481 (11.65)
1,antithrombotic agents,diagnosed and treated,2894 (15.36),1378 (26.91),317 (16.95),110 (25.35),208 (19.24),57 (23.08),1084 (17.33),437 (29.73),2368 (14.83),1084 (26.27)
1,non-steroidal anti-inflammatory medications,diagnosed and treated,2922 (15.51),1530 (29.88),313 (16.74),115 (26.50),187 (17.30),53 (21.46),1140 (18.23),469 (31.90),2490 (15.60),1235 (29.92)
1,bisphosphonates,diagnosed and treated,67 (0.36),43 (0.84),18 (0.96),2 (0.46),8 (0.74),0 (0.00),30 (0.48),18 (1.22),56 (0.35),31 (0.75)
1,oral contraceptives,diagnosed and treated,0 (0.00),0 (0.00),0 (0.00),0 (0.00),0 (0.00),0 (0.00),0 (0.00),0 (0.00),0 (0.00),0 (0.00)
1,hormone replacement therapy,diagnosed and treated,631 (3.35),255 (4.98),33 (1.76),11 (2.53),37 (3.42),7 (2.83),242 (3.87),76 (5.17),559 (3.50),212 (5.14)
1,anticonvulsants,diagnosed and treated,311 (1.65),676 (13.20),32 (1.71),75 (17.28),30 (2.78),92 (37.25),143 (2.29),268 (18.23),264 (1.65),492 (11.92)
1,cytostatic chemotherapy,diagnosed and treated,53 (0.28),30 (0.59),7 (0.37),3 (0.69),2 (0.19),1 (0.40),24 (0.38),6 (0.41),53 (0.33),25 (0.61)
1,radiotherapy,diagnosed and treated,3 (0.02),2 (0.04),0 (0.00),0 (0.00),1 (0.09),0 (0.00),1 (0.02),0 (0.00),2 (0.01),2 (0.05)
1,immunosuppressant medication,diagnosed and treated,202 (1.07),87 (1.70),24 (1.28),1 (0.23),10 (0.93),2 (0.81),85 (1.36),27 (1.84),166 (1.04),73 (1.77)
1,long-acting beta-agonist,diagnosed and treated,63 (0.33),23 (0.45),9 (0.48),3 (0.69),5 (0.46),0 (0.00),19 (0.30),8 (0.54),55 (0.34),21 (0.51)
1,leukotriene receptor antagonists,diagnosed and treated,158 (0.84),58 (1.13),17 (0.91),2 (0.46),15 (1.39),1 (0.40),61 (0.98),17 (1.16),135 (0.85),50 (1.21)
1,inhaled glucocorticoids,diagnosed and treated,289 (1.53),110 (2.15),36 (1.93),9 (2.07),19 (1.76),7 (2.83),107 (1.71),35 (2.38),264 (1.65),87 (2.11)
1,number_inpatient,diagnosed and treated,0.62 (1.30),1.25 (2.26),0.67 (1.50),2.24 (3.21),0.79 (1.56),1.84 (3.04),0.69 (1.44),1.53 (2.59),0.63 (1.33),1.34 (2.47)
1,number_outpatient,diagnosed and treated,67.71 (65.53),116.09 (132.14),68.29 (68.28),128.75 (171.44),77.95 (83.93),135.59 (217.80),76.05 (79.17),134.68 (151.84),68.77 (67.63),117.51 (120.85)
2,Prague region,diagnosed and treated,19291 (9.04),6648 (11.60),2516 (9.31),742 (13.64),1720 (8.82),348 (8.89),6877 (9.00),2276 (14.05),16384 (9.05),5177 (11.71)
2,Central-Bohemian region,diagnosed and treated,26735 (12.53),7656 (13.36),3418 (12.65),598 (10.99),2364 (12.12),619 (15.82),9502 (12.43),2168 (13.38),22865 (12.64),5903 (13.35)
2,South-Bohemian region,diagnosed and treated,12968 (6.08),3534 (6.17),1636 (6.05),255 (4.69),1172 (6.01),219 (5.60),4456 (5.83),999 (6.17),10878 (6.01),2786 (6.30)
2,Plzen region,diagnosed and treated,11679 (5.48),3127 (5.46),1521 (5.63),239 (4.39),1107 (5.68),210 (5.37),4303 (5.63),920 (5.68),9872 (5.46),2477 (5.60)
2,Karlovy Vary region,diagnosed and treated,3991 (1.87),1247 (2.18),527 (1.95),130 (2.39),452 (2.32),107 (2.73),1577 (2.06),306 (1.89),3387 (1.87),995 (2.25)
2,Usti region,diagnosed and treated,15206 (7.13),4368 (7.62),1937 (7.17),401 (7.37),1448 (7.43),324 (8.28),5600 (7.33),1219 (7.52),13105 (7.24),3389 (7.66)
2,Liberec region,diagnosed and treated,9855 (4.62),2551 (4.45),1177 (4.36),213 (3.91),843 (4.32),139 (3.55),3468 (4.54),705 (4.35),8362 (4.62),2031 (4.59)
2,Hradec Kralove region,diagnosed and treated,12646 (5.93),3286 (5.73),1593 (5.90),264 (4.85),1127 (5.78),200 (5.11),4569 (5.98),777 (4.80),10692 (5.91),2642 (5.97)
2,Pardubice region,diagnosed and treated,11873 (5.57),2937 (5.13),1433 (5.30),247 (4.54),1081 (5.54),176 (4.50),4097 (5.36),993 (6.13),9999 (5.53),2189 (4.95)
2,Vysocina region,diagnosed and treated,13028 (6.11),3294 (5.75),1676 (6.20),307 (5.64),1189 (6.10),238 (6.08),4638 (6.07),1199 (7.40),10899 (6.02),2309 (5.22)
2,South-Moravian region,diagnosed and treated,21095 (9.89),5156 (9.00),2722 (10.07),459 (8.44),1992 (10.22),352 (8.99),7684 (10.05),1548 (9.56),17997 (9.95),3857 (8.72)
2,Olomouc region,diagnosed and treated,13903 (6.52),3741 (6.53),1714 (6.34),361 (6.63),1281 (6.57),251 (6.41),5003 (6.55),986 (6.09),11745 (6.49),2907 (6.57)
2,Zlin region,diagnosed and treated,15756 (7.39),3535 (6.17),1918 (7.10),491 (9.02),1449 (7.43),275 (7.03),5763 (7.54),726 (4.48),13347 (7.38),2703 (6.11)
2,Moravian-Silesian region,diagnosed and treated,25240 (11.83),6217 (10.85),3229 (11.95),733 (13.47),2271 (11.65),456 (11.65),8881 (11.62),1378 (8.51),21368 (11.81),4858 (10.98)
2,living abroad,diagnosed and treated,48 (0.02),4 (0.01),5 (0.02),1 (0.02),4 (0.02),0 (0.00),12 (0.02),0 (0.00),41 (0.02),3 (0.01)
2,antihypertensives,diagnosed and treated,32371 (15.18),14426 (25.18),5199 (19.24),1363 (25.05),3864 (19.82),731 (18.68),13734 (17.97),4226 (26.09),27716 (15.32),11268 (25.48)
2,aspirin,diagnosed and treated,13630 (6.39),5457 (9.52),2891 (10.70),608 (11.17),2415 (12.38),488 (12.47),7041 (9.21),1729 (10.67),11066 (6.12),3716 (8.40)
2,statins,diagnosed and treated,29966 (14.05),9596 (16.75),5732 (21.21),770 (14.15),4623 (23.71),571 (14.59),14433 (18.88),3111 (19.20),24461 (13.52),7032 (15.90)
2,antithrombotic agents,diagnosed and treated,42502 (19.92),18530 (32.34),7394 (27.36),1896 (34.85),5896 (30.24),1173 (29.97),19372 (25.35),5605 (34.60),35615 (19.68),13877 (31.38)
2,non-steroidal anti-inflammatory medications,diagnosed and treated,39790 (18.65),18131 (31.64),5568 (20.61),1521 (27.95),4239 (21.74),688 (17.58),16515 (21.61),5281 (32.60),34069 (18.83),14591 (32.99)
2,bisphosphonates,diagnosed and treated,1014 (0.48),497 (0.87),150 (0.56),27 (0.50),219 (1.12),19 (0.49),639 (0.84),163 (1.01),922 (0.51),394 (0.89)
2,oral contraceptives,diagnosed and treated,6 (0.00),1 (0.00),1 (0.00),1 (0.02),0 (0.00),0 (0.00),2 (0.00),0 (0.00),5 (0.00),0 (0.00)
2,hormone replacement therapy,diagnosed and treated,6830 (3.20),2516 (4.39),587 (2.17),127 (2.33),420 (2.15),54 (1.38),2562 (3.35),748 (4.62),6265 (3.46),2138 (4.83)
2,anticonvulsants,diagnosed and treated,5137 (2.41),9940 (17.35),1049 (3.88),1237 (22.73),872 (4.47),1430 (36.54),2679 (3.51),3615 (22.31),4404 (2.43),7040 (15.92)
2,cytostatic chemotherapy,diagnosed and treated,969 (0.45),411 (0.72),232 (0.86),28 (0.51),154 (0.79),15 (0.38),520 (0.68),123 (0.76),814 (0.45),312 (0.71)
2,radiotherapy,diagnosed and treated,67 (0.03),26 (0.05),10 (0.04),0 (0.00),7 (0.04),1 (0.03),32 (0.04),8 (0.05),59 (0.03),21 (0.05)
2,immunosuppressant medication,diagnosed and treated,2979 (1.40),1138 (1.99),601 (2.22),82 (1.51),471 (2.42),40 (1.02),1485 (1.94),359 (2.22),2599 (1.44),886 (2.00)
2,long-acting beta-agonist,diagnosed and treated,1013 (0.47),471 (0.82),220 (0.81),47 (0.86),178 (0.91),27 (0.69),514 (0.67),145 (0.90),860 (0.48),341 (0.77)
2,leukotriene receptor antagonists,diagnosed and treated,1814 (0.85),773 (1.35),270 (1.00),32 (0.59),164 (0.84),18 (0.46),770 (1.01),225 (1.39),1682 (0.93),661 (1.49)
2,inhaled glucocorticoids,diagnosed and treated,3818 (1.79),1519 (2.65),657 (2.43),93 (1.71),442 (2.27),52 (1.33),1693 (2.22),410 (2.53),3424 (1.89),1247 (2.82)
2,number_inpatient,diagnosed and treated,0.83 (1.62),1.69 (2.90),1.18 (2.20),2.97 (4.56),1.33 (2.30),2.39 (4.31),1.07 (1.94),2.01 (3.39),0.84 (1.64),1.69 (2.97)
2,number_outpatient,diagnosed and treated,79.83 (91.00),144.85 (193.04),96.78 (125.84),166.85 (246.91),106.06 (143.80),222.81 (359.87),96.69 (118.54),159.18 (196.96),81.56 (93.15),138.91 (159.85)
3,Prague region,diagnosed and treated,31184 (10.38),9884 (12.88),4361 (10.92),1176 (14.61),2495 (10.16),629 (12.66),10434 (10.27),3216 (15.19),26400 (10.47),7701 (12.85)
3,Central-Bohemian region,diagnosed and treated,44136 (14.70),11270 (14.69),5934 (14.86),1086 (13.49),3553 (14.46),651 (13.10),14883 (14.65),3153 (14.90),36981 (14.66),9005 (15.03)
3,South-Bohemian region,diagnosed and treated,16320 (5.43),4351 (5.67),2168 (5.43),366 (4.55),1312 (5.34),290 (5.84),5372 (5.29),1226 (5.79),13517 (5.36),3408 (5.69)
3,Plzen region,diagnosed and treated,19828 (6.60),5097 (6.64),2613 (6.54),447 (5.55),1665 (6.78),303 (6.10),6578 (6.47),1489 (7.04),16708 (6.62),4075 (6.80)
3,Karlovy Vary region,diagnosed and treated,10671 (3.55),2685 (3.50),1457 (3.65),332 (4.13),911 (3.71),194 (3.90),3947 (3.89),577 (2.73),8938 (3.54),2192 (3.66)
3,Usti region,diagnosed and treated,22031 (7.34),6301 (8.21),2890 (7.24),681 (8.46),1826 (7.43),475 (9.56),7575 (7.46),1779 (8.41),18706 (7.42),4888 (8.16)
3,Liberec region,diagnosed and treated,15563 (5.18),3990 (5.20),1992 (4.99),430 (5.34),1275 (5.19),231 (4.65),5247 (5.16),1006 (4.75),13069 (5.18),3194 (5.33)
3,Hradec Kralove region,diagnosed and treated,23027 (7.67),5364 (6.99),3070 (7.69),459 (5.70),1903 (7.75),324 (6.52),7707 (7.59),1142 (5.40),19310 (7.66),4330 (7.23)
3,Pardubice region,diagnosed and treated,19228 (6.40),4478 (5.84),2404 (6.02),394 (4.90),1521 (6.19),256 (5.15),6345 (6.25),1519 (7.18),16028 (6.35),3370 (5.62)
3,Vysocina region,diagnosed and treated,12764 (4.25),3024 (3.94),1699 (4.25),291 (3.62),975 (3.97),197 (3.97),4140 (4.08),1043 (4.93),10770 (4.27),2128 (3.55)
3,South-Moravian region,diagnosed and treated,27597 (9.19),6380 (8.31),3739 (9.36),650 (8.08),2283 (9.29),495 (9.96),9301 (9.16),1717 (8.11),23206 (9.20),4831 (8.06)
3,Olomouc region,diagnosed and treated,15599 (5.19),4137 (5.39),2048 (5.13),470 (5.84),1298 (5.28),229 (4.61),5372 (5.29),1056 (4.99),13102 (5.19),3262 (5.44)
3,Zlin region,diagnosed and treated,13012 (4.33),2699 (3.52),1627 (4.07),359 (4.46),1110 (4.52),187 (3.76),4488 (4.42),655 (3.09),10800 (4.28),2062 (3.44)
3,Moravian-Silesian region,diagnosed and treated,29330 (9.77),7070 (9.21),3921 (9.82),907 (11.27),2435 (9.91),507 (10.21),10191 (10.03),1587 (7.50),24671 (9.78),5471 (9.13)
3,living abroad,diagnosed and treated,45 (0.01),1 (0.00),10 (0.03),0 (0.00),2 (0.01),0 (0.00),12 (0.01),0 (0.00),38 (0.02),1 (0.00)
3,antihypertensives,diagnosed and treated,40173 (13.38),17339 (22.60),6264 (15.69),1784 (22.17),3796 (15.45),812 (16.34),16348 (16.09),4968 (23.47),34374 (13.63),13720 (22.90)
3,aspirin,diagnosed and treated,17931 (5.97),6170 (8.04),2956 (7.40),639 (7.94),2168 (8.83),442 (8.90),8339 (8.21),1926 (9.10),14463 (5.73),4355 (7.27)
3,statins,diagnosed and treated,41022 (13.66),12768 (16.64),6364 (15.94),1049 (13.03),4397 (17.90),764 (15.38),18445 (18.16),4064 (19.20),33413 (13.25),9354 (15.61)
3,antithrombotic agents,diagnosed and treated,55545 (18.49),22349 (29.13),8390 (21.01),2320 (28.83),5660 (23.04),1213 (24.42),23601 (23.23),6614 (31.25),46442 (18.41),17161 (28.64)
3,non-steroidal anti-inflammatory medications,diagnosed and treated,52499 (17.48),24338 (31.72),7068 (17.70),2301 (28.59),4691 (19.10),956 (19.24),20959 (20.63),6927 (32.73),44715 (17.73),19507 (32.56)
3,bisphosphonates,diagnosed and treated,1476 (0.49),677 (0.88),178 (0.45),38 (0.47),164 (0.67),21 (0.42),806 (0.79),224 (1.06),1319 (0.52),525 (0.88)
3,oral contraceptives,diagnosed and treated,7 (0.00),1 (0.00),0 (0.00),0 (0.00),0 (0.00),0 (0.00),0 (0.00),0 (0.00),8 (0.00),1 (0.00)
3,hormone replacement therapy,diagnosed and treated,9032 (3.01),3300 (4.30),766 (1.92),177 (2.20),560 (2.28),108 (2.17),3267 (3.22),951 (4.49),8201 (3.25),2849 (4.75)
3,anticonvulsants,diagnosed and treated,6472 (2.15),12772 (16.65),1075 (2.69),1705 (21.19),720 (2.93),1757 (35.37),3100 (3.05),4723 (22.32),5517 (2.19),9289 (15.50)
3,cytostatic chemotherapy,diagnosed and treated,1446 (0.48),499 (0.65),375 (0.94),43 (0.53),162 (0.66),15 (0.30),775 (0.76),143 (0.68),1233 (0.49),397 (0.66)
3,radiotherapy,diagnosed and treated,71 (0.02),17 (0.02),19 (0.05),2 (0.02),10 (0.04),0 (0.00),34 (0.03),6 (0.03),66 (0.03),14 (0.02)
3,immunosuppressant medication,diagnosed and treated,4129 (1.37),1551 (2.02),765 (1.92),117 (1.45),434 (1.77),52 (1.05),1881 (1.85),488 (2.31),3603 (1.43),1202 (2.01)
3,long-acting beta-agonist,diagnosed and treated,1399 (0.47),629 (0.82),266 (0.67),79 (0.98),157 (0.64),40 (0.81),664 (0.65),205 (0.97),1174 (0.47),444 (0.74)
3,leukotriene receptor antagonists,diagnosed and treated,2294 (0.76),995 (1.30),382 (0.96),56 (0.70),198 (0.81),29 (0.58),960 (0.94),301 (1.42),2018 (0.80),833 (1.39)
3,inhaled glucocorticoids,diagnosed and treated,5095 (1.70),1974 (2.57),783 (1.96),141 (1.75),482 (1.96),80 (1.61),2121 (2.09),589 (2.78),4437 (1.76),1584 (2.64)
3,number_inpatient,diagnosed and treated,0.73 (1.43),1.38 (2.38),0.86 (1.70),2.35 (3.70),0.88 (1.66),1.98 (3.56),0.91 (1.69),1.71 (2.94),0.75 (1.45),1.45 (2.55)
3,number_outpatient,diagnosed and treated,72.36 (68.71),117.95 (127.98),75.76 (76.06),117.41 (144.60),79.25 (82.76),135.57 (235.49),85.08 (84.01),133.70 (138.29),73.94 (69.17),119.50 (109.97)
4,Prague region,diagnosed and treated,7321 (11.81),2312 (14.16),918 (11.05),262 (14.60),558 (11.81),142 (14.12),2373 (11.61),742 (16.29),6119 (11.85),1838 (14.28)
4,Central-Bohemian region,diagnosed and treated,7138 (11.52),1829 (11.21),1001 (12.04),167 (9.30),529 (11.20),81 (8.05),2330 (11.40),541 (11.88),6016 (11.65),1492 (11.59)
4,South-Bohemian region,diagnosed and treated,4558 (7.35),1293 (7.92),587 (7.06),97 (5.40),366 (7.75),75 (7.46),1391 (6.81),376 (8.25),3837 (7.43),1028 (7.99)
4,Plzen region,diagnosed and treated,2770 (4.47),721 (4.42),355 (4.27),64 (3.57),195 (4.13),30 (2.98),911 (4.46),203 (4.46),2353 (4.56),592 (4.60)
4,Karlovy Vary region,diagnosed and treated,641 (1.03),191 (1.17),90 (1.08),22 (1.23),55 (1.16),12 (1.19),205 (1.00),42 (0.92),554 (1.07),160 (1.24)
4,Usti region,diagnosed and treated,4502 (7.26),1319 (8.08),622 (7.48),148 (8.25),353 (7.47),94 (9.34),1542 (7.54),367 (8.06),3710 (7.19),1028 (7.99)
4,Liberec region,diagnosed and treated,2054 (3.31),557 (3.41),319 (3.84),73 (4.07),154 (3.26),32 (3.18),664 (3.25),144 (3.16),1711 (3.31),451 (3.50)
4,Hradec Kralove region,diagnosed and treated,1375 (2.22),354 (2.17),172 (2.07),30 (1.67),98 (2.07),15 (1.49),432 (2.11),79 (1.73),1162 (2.25),300 (2.33)
4,Pardubice region,diagnosed and treated,2899 (4.68),706 (4.33),411 (4.95),69 (3.84),237 (5.02),39 (3.88),964 (4.72),250 (5.49),2466 (4.78),532 (4.13)
4,Vysocina region,diagnosed and treated,3267 (5.27),814 (4.99),465 (5.59),88 (4.90),242 (5.12),65 (6.46),1119 (5.47),269 (5.91),2712 (5.25),587 (4.56)
4,South-Moravian region,diagnosed and treated,7618 (12.29),1789 (10.96),977 (11.76),188 (10.47),587 (12.43),126 (12.52),2500 (12.23),500 (10.98),6242 (12.09),1371 (10.65)
4,Olomouc region,diagnosed and treated,4549 (7.34),1180 (7.23),625 (7.52),136 (7.58),344 (7.28),66 (6.56),1466 (7.17),308 (6.76),3774 (7.31),959 (7.45)
4,Zlin region,diagnosed and treated,4469 (7.21),976 (5.98),624 (7.51),163 (9.08),350 (7.41),60 (5.96),1492 (7.30),219 (4.81),3704 (7.17),739 (5.74)
4,Moravian-Silesian region,diagnosed and treated,8807 (14.21),2281 (13.98),1142 (13.74),288 (16.04),653 (13.83),169 (16.80),3047 (14.91),515 (11.31),7257 (14.06),1793 (13.93)
4,living abroad,diagnosed and treated,15 (0.02),0 (0.00),3 (0.04),0 (0.00),2 (0.04),0 (0.00),3 (0.01),0 (0.00),11 (0.02),0 (0.00)
4,antihypertensives,diagnosed and treated,7395 (11.93),3689 (22.60),1144 (13.76),413 (23.01),610 (12.92),181 (17.99),2934 (14.35),1030 (22.61),6210 (12.03),2998 (23.29)
4,aspirin,diagnosed and treated,2936 (4.74),1102 (6.75),483 (5.81),126 (7.02),297 (6.29),74 (7.36),1332 (6.52),323 (7.09),2335 (4.52),809 (6.29)
4,statins,diagnosed and treated,6490 (10.47),2232 (13.67),1000 (12.03),191 (10.64),636 (13.47),124 (12.33),2865 (14.02),750 (16.47),5169 (10.01),1623 (12.61)
4,antithrombotic agents,diagnosed and treated,9945 (16.04),4529 (27.75),1515 (18.23),521 (29.03),887 (18.78),240 (23.86),4128 (20.20),1351 (29.66),8194 (15.87),3528 (27.41)
4,non-steroidal anti-inflammatory medications,diagnosed and treated,9815 (15.83),5058 (30.99),1411 (16.98),531 (29.58),774 (16.39),203 (20.18),3774 (18.46),1497 (32.86),8130 (15.75),4091 (31.79)
4,bisphosphonates,diagnosed and treated,241 (0.39),132 (0.81),28 (0.34),6 (0.33),24 (0.51),8 (0.80),132 (0.65),36 (0.79),219 (0.42),102 (0.79)
4,oral contraceptives,diagnosed and treated,0 (0.00),0 (0.00),0 (0.00),0 (0.00),0 (0.00),0 (0.00),0 (0.00),0 (0.00),0 (0.00),0 (0.00)
4,hormone replacement therapy,diagnosed and treated,1922 (3.10),715 (4.38),192 (2.31),33 (1.84),112 (2.37),16 (1.59),665 (3.25),201 (4.41),1703 (3.30),637 (4.95)
4,anticonvulsants,diagnosed and treated,1138 (1.84),2659 (16.29),177 (2.13),377 (21.00),109 (2.31),361 (35.88),499 (2.44),983 (21.58),961 (1.86),2000 (15.54)
4,cytostatic chemotherapy,diagnosed and treated,234 (0.38),113 (0.69),53 (0.64),15 (0.84),29 (0.61),8 (0.80),134 (0.66),31 (0.68),190 (0.37),92 (0.71)
4,radiotherapy,diagnosed and treated,14 (0.02),5 (0.03),3 (0.04),1 (0.06),2 (0.04),0 (0.00),5 (0.02),2 (0.04),13 (0.03),5 (0.04)
4,immunosuppressant medication,diagnosed and treated,756 (1.22),301 (1.84),128 (1.54),31 (1.73),81 (1.72),18 (1.79),377 (1.84),108 (2.37),672 (1.30),230 (1.79)
4,long-acting beta-agonist,diagnosed and treated,268 (0.43),129 (0.79),46 (0.55),19 (1.06),24 (0.51),6 (0.60),118 (0.58),34 (0.75),235 (0.46),98 (0.76)
4,leukotriene receptor antagonists,diagnosed and treated,444 (0.72),196 (1.20),76 (0.91),14 (0.78),26 (0.55),7 (0.70),163 (0.80),63 (1.38),398 (0.77),166 (1.29)
4,inhaled glucocorticoids,diagnosed and treated,944 (1.52),396 (2.43),170 (2.05),35 (1.95),76 (1.61),19 (1.89),388 (1.90),99 (2.17),837 (1.62),325 (2.53)
4,number_inpatient,diagnosed and treated,0.66 (1.29),1.27 (2.26),0.75 (1.46),2.21 (3.28),0.76 (1.43),1.86 (3.24),0.80 (1.56),1.58 (2.70),0.67 (1.28),1.33 (2.33)
4,number_outpatient,diagnosed and treated,67.82 (56.58),107.12 (88.15),70.42 (66.30),105.60 (106.95),70.09 (57.95),99.81 (124.11),77.16 (66.69),120.31 (93.28),69.04 (57.02),112.28 (84.58)
5,Prague region,diagnosed and treated,72601 (13.34),21163 (15.68),8451 (12.89),2117 (15.93),4583 (13.25),991 (14.20),23661 (13.65),6715 (18.58),62946 (13.47),17186 (15.72)
5,Central-Bohemian region,diagnosed and treated,72029 (13.24),18123 (13.42),8556 (13.05),1569 (11.81),4347 (12.57),782 (11.20),22904 (13.22),4993 (13.82),61674 (13.20),14962 (13.68)
5,South-Bohemian region,diagnosed and treated,29457 (5.41),7508 (5.56),3396 (5.18),642 (4.83),1805 (5.22),429 (6.15),9190 (5.30),2028 (5.61),25177 (5.39),6069 (5.55)
5,Plzen region,diagnosed and treated,28579 (5.25),7517 (5.57),3448 (5.26),631 (4.75),1880 (5.44),373 (5.34),9231 (5.33),2108 (5.83),24396 (5.22),6212 (5.68)
5,Karlovy Vary region,diagnosed and treated,9492 (1.74),2533 (1.88),1210 (1.85),231 (1.74),620 (1.79),139 (1.99),3100 (1.79),578 (1.60),8084 (1.73),2186 (2.00)
5,Usti region,diagnosed and treated,36519 (6.71),9905 (7.34),4406 (6.72),989 (7.44),2356 (6.81),535 (7.66),11690 (6.75),2661 (7.36),31491 (6.74),7995 (7.31)
5,Liberec region,diagnosed and treated,20579 (3.78),4979 (3.69),2493 (3.80),472 (3.55),1340 (3.87),198 (2.84),6488 (3.74),1213 (3.36),17585 (3.76),4190 (3.83)
5,Hradec Kralove region,diagnosed and treated,26975 (4.96),5977 (4.43),3187 (4.86),525 (3.95),1664 (4.81),248 (3.55),8494 (4.90),1308 (3.62),23256 (4.98),5005 (4.58)
5,Pardubice region,diagnosed and treated,27672 (5.09),6204 (4.60),3261 (4.97),522 (3.93),1722 (4.98),293 (4.20),8662 (5.00),1989 (5.50),23667 (5.07),4891 (4.47)
5,Vysocina region,diagnosed and treated,24981 (4.59),5528 (4.09),3020 (4.61),479 (3.61),1522 (4.40),352 (5.04),7601 (4.39),1736 (4.80),21261 (4.55),4192 (3.83)
5,South-Moravian region,diagnosed and treated,66557 (12.23),14766 (10.94),8130 (12.40),1315 (9.90),4310 (12.46),793 (11.36),20981 (12.11),3999 (11.07),57339 (12.27),11799 (10.79)
5,Olomouc region,diagnosed and treated,34619 (6.36),8823 (6.54),4328 (6.60),942 (7.09),2302 (6.66),438 (6.27),10839 (6.25),2099 (5.81),29589 (6.33),7206 (6.59)
5,Zlin region,diagnosed and treated,33456 (6.15),6978 (5.17),3999 (6.10),969 (7.29),2159 (6.24),476 (6.82),10695 (6.17),1411 (3.90),28588 (6.12),5535 (5.06)
5,Moravian-Silesian region,diagnosed and treated,60532 (11.13),14998 (11.11),7685 (11.72),1883 (14.17),3979 (11.50),934 (13.38),19756 (11.40),3296 (9.12),52069 (11.15),11930 (10.91)
5,living abroad,diagnosed and treated,29 (0.01),1 (0.00),2 (0.00),0 (0.00),1 (0.00),0 (0.00),7 (0.00),0 (0.00),18 (0.00),1 (0.00)
5,antihypertensives,diagnosed and treated,65918 (12.12),29407 (21.78),9307 (14.19),2960 (22.28),4816 (13.92),1162 (16.65),24621 (14.21),8056 (22.29),57799 (12.37),24065 (22.01)
5,aspirin,diagnosed and treated,21446 (3.94),7850 (5.81),3590 (5.47),807 (6.07),2056 (5.94),434 (6.22),9504 (5.48),2367 (6.55),18028 (3.86),5908 (5.40)
5,statins,diagnosed and treated,48240 (8.87),16303 (12.08),7592 (11.58),1343 (10.11),4416 (12.77),809 (11.59),21610 (12.47),5097 (14.11),40528 (8.68),12450 (11.38)
5,antithrombotic agents,diagnosed and treated,79794 (14.67),34198 (25.33),11457 (17.47),3513 (26.44),6332 (18.31),1546 (22.15),31867 (18.39),9660 (26.73),68973 (14.76),27396 (25.05)
5,non-steroidal anti-inflammatory medications,diagnosed and treated,83244 (15.30),40110 (29.71),10793 (16.46),3822 (28.77),6049 (17.49),1282 (18.36),31396 (18.12),11218 (31.05),72005 (15.41),32855 (30.04)
5,bisphosphonates,diagnosed and treated,1863 (0.34),907 (0.67),228 (0.35),41 (0.31),193 (0.56),30 (0.43),1032 (0.60),273 (0.76),1714 (0.37),718 (0.66)
5,oral contraceptives,diagnosed and treated,2 (0.00),1 (0.00),0 (0.00),0 (0.00),0 (0.00),0 (0.00),1 (0.00),0 (0.00),3 (0.00),1 (0.00)
5,hormone replacement therapy,diagnosed and treated,18317 (3.37),6477 (4.80),1571 (2.40),369 (2.78),959 (2.77),201 (2.88),6404 (3.70),1811 (5.01),16707 (3.58),5605 (5.13)
5,anticonvulsants,diagnosed and treated,8532 (1.57),20385 (15.10),1398 (2.13),2650 (19.95),790 (2.28),2319 (33.22),3874 (2.24),7496 (20.75),7411 (1.59),15619 (14.28)
5,cytostatic chemotherapy,diagnosed and treated,2006 (0.37),783 (0.58),429 (0.65),56 (0.42),235 (0.68),33 (0.47),1111 (0.64),223 (0.62),1734 (0.37),629 (0.58)
5,radiotherapy,diagnosed and treated,138 (0.03),27 (0.02),18 (0.03),2 (0.02),14 (0.04),2 (0.03),63 (0.04),6 (0.02),126 (0.03),21 (0.02)
5,immunosuppressant medication,diagnosed and treated,6437 (1.18),2609 (1.93),1104 (1.68),185 (1.39),592 (1.71),84 (1.20),2801 (1.62),781 (2.16),5721 (1.22),2116 (1.93)
5,long-acting beta-agonist,diagnosed and treated,1746 (0.32),809 (0.60),320 (0.49),101 (0.76),157 (0.45),46 (0.66),783 (0.45),233 (0.64),1516 (0.32),628 (0.57)
5,leukotriene receptor antagonists,diagnosed and treated,4261 (0.78),1705 (1.26),564 (0.86),98 (0.74),250 (0.72),51 (0.73),1614 (0.93),493 (1.36),3873 (0.83),1459 (1.33)
5,inhaled glucocorticoids,diagnosed and treated,7975 (1.47),3298 (2.44),1165 (1.78),254 (1.91),568 (1.64),106 (1.52),3023 (1.74),875 (2.42),7084 (1.52),2777 (2.54)
5,number_inpatient,diagnosed and treated,0.60 (1.19),1.10 (2.01),0.69 (1.39),2.00 (3.15),0.70 (1.42),1.71 (3.11),0.70 (1.37),1.31 (2.36),0.61 (1.20),1.17 (2.12)
5,number_outpatient,diagnosed and treated,70.83 (55.63),108.83 (94.73),74.66 (67.40),111.97 (116.30),76.92 (74.06),114.97 (172.39),80.65 (67.49),121.65 (100.01),72.21 (56.39),112.33 (86.16)
